eval_precision_global,eval_recall_global,eval_f1_global,eval_accuracy,eval_precision_por_label,eval_recall_por_label,eval_f1_por_label,eval_matriz_confusion
0.8656607321535452,0.8656499636891793,0.8656512391016479,0.8656499636891793,"[0.8681159420289855, 0.8631732168850073]","[0.8643578643578643, 0.8669590643274854]","[0.866232827187274, 0.8650619985412108]","[[599, 94], [91, 593]]"
